{
  "accuracy": 0.8497116601809742,
  "precision": 0.7767825781524411,
  "recall": 0.4625117640907665,
  "f1_score": 0.5797994363243101,
  "roc_auc": 0.8724301373243873
}