{
  "accuracy": 0.8574241642833701,
  "precision": 0.7728484088415112,
  "recall": 0.5155285998117746,
  "f1_score": 0.6184920336218793,
  "roc_auc": 0.8861533213548712
}